authorid,Author,Country,mapId,birthYear,deathYear,Lifespan,Wikimedia,dloc,lon,lat
alowe,Adam Lowe,England,11,1985,0,1985-,https://en.wikipedia.org/wiki/Adam_Lowe_(writer),,-1.458627594,52.59273448
aandwele,Adisa Andwele,Barbados,12,0,0,Unknown,https://en.wikipedia.org/wiki/Adisa_Andwele,,-59.55642448,13.17222198
atous,Adriana Tous,Cuba,14,0,0,Unknown,,,-79.5,22
acesaire,Aimé Césaire,Martinique,8,1913,2008,1913-2008,https://en.wikipedia.org/wiki/Aim%C3%A9_C%C3%A9saire,,-61.01838056,14.65313333
arsantos,Alaí Reyes-Santos,United States,1,0,0,Unknown,,,-99.41461919,39.39870316
amgomes,Albert Maria Gomes,Trinidad & Tobago,3,1911,1978,1911-1978,https://en.wikipedia.org/wiki/Albert_Gomes,,-61.26048814,10.47267428
agarrandés,Alberto Garrandés,Cuba,14,0,0,Unknown,https://es.wikipedia.org/wiki/Alberto_Garrand%C3%A9s,,-79.5,22
amckenzie,Alecia McKenzie,Jamaica,4,1962,0,1962-,https://en.wikipedia.org/wiki/Alecia_McKenzie,https://dloc.com/AA00090268/00058/pd,-77.31110641,18.15769529
acarpentier,Alejo Carpentier,Cuba,14,1904,1980,1904-1980,https://en.wikipedia.org/wiki/Alejo_Carpentier,https://createcaribbean.org/vcl/acarpentier_dloc/,-79.5,22
aisfahanihammond,Alexandra Isfahani-Hammond,United States,1,0,0,Unknown,,https://www.dloc.com/UF00099461/00113/pdf,-99.41461919,39.39870316
aarthurs,Alexia Arthurs,Jamaica,4,0,0,Unknown,https://en.wikipedia.org/wiki/Alexia_Arthurs,,-77.31110641,18.15769529
ahcata,Alfonso Hernández Catá,Spain,2,1885,1940,1885-1940,https://es.wikipedia.org/wiki/Alfonso_Hern%C3%A1ndez-Cat%C3%A1,https://www.dloc.com/AA00089347/00001/images,-3.646063105,40.22794966
aalexandre,Alfred Alexandre,Martinique,8,1970,0,1970-,,,-61.01838056,14.65313333
ahmendes,Alfred Hubert Mendes,Trinidad & Tobago,3,1897,1991,1897-1991,https://en.wikipedia.org/wiki/Alfred_Mendes,https://createcaribbean.org/vcl/ahmendes_dloc/,-61.26048814,10.47267428
aiharraway,Alicia Ikida Harraway,United States,1,0,0,Unknown,,,-99.41461919,39.39870316
alazare,Alick Lazare,Dominica,10,1934,0,1934-,,https://www.dloc.com/UF00072476/00018/images,-61.35007388,15.43465728
aprince,Althea Prince,Antigua & Barbuda,38,1945,0,1945-,https://en.wikipedia.org/wiki/Althea_Prince,,-61.79871012,17.07766464
acummins,Alvin Cummins,Barbados,12,0,0,Unknown,,,-59.55642448,13.17222198
awilentz,Amy Wilentz,United States,1,1954,0,1954-,https://en.wikipedia.org/wiki/Amy_Wilentz,https://createcaribbean.org/vcl/awilentz_dloc/,-99.41461919,39.39870316
aségalas,Anaïs Ségalas,France,17,1811,1893,1811-1893,https://en.wikipedia.org/wiki/Ana%C3%AFs_S%C3%A9galas,,2.550539953,46.55941704
aparadis,André Paradis,France,17,1939,2024,1939-2024,https://fr.wikipedia.org/wiki/Andr%C3%A9_Paradis_(%C3%A9crivain),,2.550539953,46.55941704
alevy,Andrea Levy,England,11,1956,2019,1956-2019,https://en.wikipedia.org/wiki/Andrea_Levy,https://www.dloc.com/AA00000079/00009/images,-1.458627594,52.59273448
astuart,Andrea Stuart,Jamaica,4,1962,0,1962-,https://en.wikipedia.org/wiki/Andrea_Stuart,,-77.31110641,18.15769529
asalkey,Andrew Salkey,Jamaica,4,1928,1995,1928-1995,https://en.wikipedia.org/wiki/Andrew_Salkey,https://createcaribbean.org/vcl/asalkey_dloc/,-77.31110641,18.15769529
aaugier,Ángel Augier,Cuba,14,1910,2010,1910-2010,https://es.wikipedia.org/wiki/%C3%81ngel_Augier,,-79.5,22
arawiri,Angèle Rawiri,Gabon,52,1954,2010,1954-2010,https://en.wikipedia.org/wiki/Ang%C3%A8le_Rawiri,,11.78175989,-0.6239040586
asankar,Anisah Sankar,Trinidad & Tobago,3,0,0,Unknown,,,-61.26048814,10.47267428
acwinkler,Anthony C. Winkler,Jamaica,4,1942,2015,1942-2015,https://en.wikipedia.org/wiki/Anthony_C._Winkler,https://createcaribbean.org/vcl/acwinkler_dloc/,-77.31110641,18.15769529
akellman,Anthony Kellman,Barbados,12,1955,0,1955-,https://en.wikipedia.org/wiki/Anthony_Kellman,,-59.55642448,13.17222198
anash,Anthony Nash,Trinidad & Tobago,3,0,0,Unknown,,,-61.26048814,10.47267428
abenitezrogo,Antonio Benítez-Rojo,Cuba,14,0,0,Unknown,,https://www.dloc.com/UF00099208/00067/images,-79.5,22
amoreno,Antonio Moreno,Spain,2,1887,1967,1887-1967,https://en.wikipedia.org/wiki/Antonio_Moreno,,-3.646063105,40.22794966
aminatchybogat,Arlette Minatchy-Bogat,Guadeloupe,29,1945,0,1945-,,,-61.65012,16.14475253
alhendriks,Arthur Lemiere Hendriks,Jamaica,4,1922,1992,1922-1992,https://en.wikipedia.org/wiki/A._L._Hendriks,https://createcaribbean.org/vcl/alhendriks_dloc/,-77.31110641,18.15769529
abromfield,Asha Bromfield,Canada,24,1994,0,1994-,,,-113.64258,60.10867
alorde,Audre Lorde,United States,1,1943,1992,1943-1992,https://en.wikipedia.org/wiki/Audre_Lorde,https://createcaribbean.org/vcl/alorde_dloc/,-99.41461919,39.39870316
aclarke,Austin Clarke,Barbados,12,1934,2016,1934-2016,https://en.wikipedia.org/wiki/Austin_Clarke_(novelist),https://createcaribbean.org/vcl/aclarke_dloc/,-59.55642448,13.17222198
bpaul,Baptiste Paul,France,17,0,0,Unknown,,,2.550539953,46.55941704
bapplin,Barbara Applin,United States,1,0,0,Unknown,https://www.basingstokegazette.co.uk/news/12897743.tributes-paid-to-popular-basingstoke-historian-barbara-applin/,,-99.41461919,39.39870316
bhambley,Barbara Hambly,United States,1,1951,0,1951 - ,https://en.wikipedia.org/wiki/Barbara_Hambly,,-99.41461919,39.39870316
bjenkins,Barbara Jenkins,Trinidad & Tobago,3,0,0,Unknown,https://en.wikipedia.org/wiki/Barbara_Jenkins,https://www.dloc.com/AA00090268/00039/pdf,-61.26048814,10.47267428
blalla,Barbara Lalla,Jamaica,4,1949,0,1949,,https://createcaribbean.org/vcl/blalla_dloc/,-77.31110641,18.15769529
bphilippe,Ben Philippe,Haiti,5,0,0,Unknown,https://en.wikipedia.org/wiki/Ben_Philippe,,-72.3385625,18.40248133
bmontabo,Bernard Montabo,Guyana,62,0,0,Unknown,https://ht.wikipedia.org/wiki/Bernard_Montabo,,-58.97538658,4.79642268
bgilroy,Beryl Gilroy,Guyana,62,1924,2001,1924-2001,https://en.wikipedia.org/wiki/Beryl_Gilroy,https://createcaribbean.org/vcl/bgilroy_dloc/,-58.97538658,4.79642268
bbyrne,Bonifacio Byrne,Cuba,14,1861,1936,1861-1936,https://es.wikipedia.org/wiki/Bonifacio_Byrne,https://createcaribbean.org/vcl/bbyrne_dloc/,-79.5,22
baperez,Brenda Alexander-Perez,Trinidad & Tobago,3,0,0,Unknown,,,-61.26048814,10.47267428
brennie,Bukka Rennie,Trinidad & Tobago,3,1946,0,1946-,,https://createcaribbean.org/vcl/brennie_dloc/,-61.26048814,10.47267428
clrjames,C. L. R. James,Trinidad & Tobago,3,1901,1989,1901-1989,https://en.wikipedia.org/wiki/C._L._R._James,https://createcaribbean.org/vcl/clrjames_dloc/,-61.26048814,10.47267428
cbrowning,Callie Browning,Barbados,12,1996,0,1996-,,,-59.55642448,13.17222198
caparsons,Captain Anthony Parsons,England,11,1922,1996,1922-1996,https://en.wikipedia.org/wiki/Anthony_Parsons,,-1.458627594,52.59273448
colabra,Carilda Oliver Labra,Cuba,14,1922,2018,1922-2018,https://en.wikipedia.org/wiki/Carilda_Oliver_Labra,https://createcaribbean.org/vcl/colabra_dloc/,-79.5,22
cloveira,Carlos Loveira,Cuba,14,1882,1928,1882-1928,https://en.wikipedia.org/wiki/Carlos_Loveira,https://createcaribbean.org/vcl/cloveira_dloc/,-79.5,22
cmoore,Carlos Moore,Cuba,14,1942,0,1942-,https://en.wikipedia.org/wiki/Carlos_Moore_(writer),,-79.5,22
cphillips,Caryl Phillips,St. Kitts & Nevis,41,1958,0,1958-,https://en.wikipedia.org/wiki/Caryl_Phillips,https://createcaribbean.org/vcl/cphillips_dloc/,-62.76560385,17.33971169
cbrowne,Cecil Browne,St. Vincent & the Grenadines,42,1957,0,1957-,https://en.wikipedia.org/wiki/Cecil_Browne_(author),,-61.20075147,13.20184062
cbustamante,Cecilia Bustamante,Peru,6,1932,2006,1932-2006,https://es.wikipedia.org/wiki/Cecilia_Bustamante,,-76,-10
cmohammed,Celeste Mohammed,Trinidad & Tobago,3,0,0,Unknown,https://celestemohammedwriter.com/bio/,,-61.26048814,10.47267428
cjones,Cherie Jones,Barbados,12,1974,0,1974-,,,-59.55642448,13.17222198
cblelio,Chiara Bettelli Lelio,Italy,20,0,0,Unknown,,,12.83333,42.83333
cwerleigh,Christian Werleigh,Haiti,5,1896,1945,1896-1945,,https://createcaribbean.org/vcl/cwerleigh_dloc/,-72.3385625,18.40248133
ccraig,Christine Craig,Jamaica,4,1943,0,1943-,https://en.wikipedia.org/wiki/Christine_Craig,,-77.31110641,18.15769529
csmart,Ciannon Smart,England,11,0,0,Unknown,,,-1.458627594,52.59273448
cvillaverde,Cirilo Villaverde,Cuba,14,1812,1894,1812-1894,https://en.wikipedia.org/wiki/Cirilo_Villaverde,https://createcaribbean.org/vcl/cvillaverde_dloc/,-79.5,22
cadam,Claire Adam,Trinidad & Tobago,3,0,0,Unknown,https://en.wikipedia.org/wiki/Claire_Adam,,-61.26048814,10.47267428
ctmorell,Claribel Terré Morell,Cuba,14,0,0,Unknown,,https://createcaribbean.org/vcl/ctmorell_dloc/,-79.5,22
cmckay,Claude McKay,Jamaica,4,1890,1948,1890-1948,https://en.wikipedia.org/wiki/Claude_McKay,https://createcaribbean.org/vcl/cmckay_dloc/,-77.31110641,18.15769529
cthompson,Claude Thompson,Jamaica,4,1907,0,1907-Unknown,,https://www.dloc.com/AA00030592/00001/images,-77.31110641,18.15769529
cmagloiresaintaude,Clément Magloire-Saint-Aude,Haiti,5,1912,1971,1912-1971,https://fr.wikipedia.org/wiki/Cl%C3%A9ment_Magloire-Saint-Aude,,-72.3385625,18.40248133
cmaharaj,Clement Maharaj,Trinidad & Tobago,3,0,0,Unknown,,https://www.dloc.com/AA00035150/00001/pdf,-61.26048814,10.47267428
cricher,Clément Richer,Canada,24,1914,1971,1914-1971,,,-113.64258,60.10867
cdebrot,Cola Debrot,Bonaire,32,1902,1981,1902-1981,https://en.wikipedia.org/wiki/Cola_Debrot,https://createcaribbean.org/vcl/cdebrot_dloc/,-68.29445,12.21286
cnyoung,Colville N Young,Belize,33,1932,0,1932-,https://en.wikipedia.org/wiki/Colville_Young,https://createcaribbean.org/vcl/cnyoung_dloc/,-88.69496155,17.20905026
cmarshall,Constance Marshall,United States,1,0,0,Unknown,,,-99.41461919,39.39870316
cforbes,Curdella Forbes,Jamaica,4,0,0,Unknown,https://en.wikipedia.org/wiki/Curdella_Forbes,https://createcaribbean.org/vcl/cforbes_dloc/,-77.31110641,18.15769529
crwilliams,Cynric R. Williams,Jamaica,4,0,0,Unknown,,https://createcaribbean.org/vcl/crwilliams_dloc/,-77.31110641,18.15769529
cjames,Cynthia James,Trinidad & Tobago,3,1948,0,1948-,https://en.wikipedia.org/wiki/Cynthia_James,,-61.26048814,10.47267428
cnoel,Cynthia Noel,Canada,24,0,0,Unknown,,,-113.64258,60.10867
cwilson,Cynthia Wilson,Barbados,12,1934,0,1934-,https://en.wikipedia.org/wiki/Cynthia_Wilson,,-59.55642448,13.17222198
cdabydeen,Cyril Dabydeen,Guyana,62,1945,0,1945-,https://en.wikipedia.org/wiki/Cyril_Dabydeen,https://createcaribbean.org/vcl/cdabydeen_dloc/,-58.97538658,4.79642268
cepalmer,Cyril Everard Palmer,Jamaica,4,1913,2013,1913-2013,https://en.wikipedia.org/wiki/Cyril_Palmer,https://createcaribbean.org/vcl/cepalmer_dloc/,-77.31110641,18.15769529
cvbriggs,Cyril V Briggs,St. Kitts & Nevis,41,1888,1966,1888-1966,https://en.wikipedia.org/wiki/Cyril_Briggs,,-62.76560385,17.33971169
cfperkins,Cyrus Francis Perkins,Jamaica,4,0,0,Unknown,,,-77.31110641,18.15769529
dflpierreluke,D.F. Les Pierre-Luke,Trinidad & Tobago,3,0,0,Unknown,,,-61.26048814,10.47267428
dmackinnen,Daniel MacKinnen,England,11,1767,1830,1767-1830,,https://www.dloc.com/AA00005050/00001/pdf,-1.458627594,52.59273448
dpicouly,Daniel Picouly,Martinique,8,1948,0,1948-,https://en.wikipedia.org/wiki/Daniel_Picouly,https://createcaribbean.org/vcl/dpicouly_dloc/,-61.01838056,14.65313333
dlgeorges,Danielle Legros Georges,Haiti,5,0,0,Unknown,https://en.wikipedia.org/wiki/Danielle_Legros_Georges,https://www.dloc.com/AA00000079/00002/images,-72.3385625,18.40248133
dlaferrière,Dany Laferrière,Haiti,5,1953,0,1953-,https://en.wikipedia.org/wiki/Dany_Laferri%C3%A8re,https://createcaribbean.org/vcl/dlaferri%c3%a8re_dloc/,-72.3385625,18.40248133
dblockhart,Darrell B Lockhart,United States,1,1960,0,1960-,https://en.wikipedia.org/wiki/Darrell_Lockhart,,-99.41461919,39.39870316
dastraker,David Augustus Straker,Barbados,12,1842,1908,1842-1908,https://en.wikipedia.org/wiki/D._Augustus_Straker,https://www.dloc.com/UF00098964/04681/pdf,-59.55642448,13.17222198
ddabydeen,David Dabydeen,Guyana,62,1955,0,1955-,https://en.wikipedia.org/wiki/David_Dabydeen,https://createcaribbean.org/vcl/ddabydeen_dloc/,-58.97538658,4.79642268
dfranklyn,David Franklyn,Brazil,35,0,0,Unknown,,,-53.07346689,-10.76994643
hgdlisser,De Lisser H. G.,Jamaica,4,1878,1944,1878-1944,https://en.wikipedia.org/wiki/H._G._de_Lisser,https://createcaribbean.org/vcl/hgdlisser_dloc/,-77.31110641,18.15769529
drbaldwin,Dean R Baldwin,United States,1,1942,0,1942-,,,-99.41461919,39.39870316
dharris,Denise Harris,Guyana,62,1950,0,1950-,,,-58.97538658,4.79642268
dscott,Dennis Scott,Jamaica,4,1939,1991,1939-1991,https://en.wikipedia.org/wiki/Dennis_Scott_(writer),https://createcaribbean.org/vcl/dscott_dloc/,-77.31110641,18.15769529
dwalcott,Derek Walcott,St. Lucia,16,1930,2017,1930-2017,https://en.wikipedia.org/wiki/Derek_Walcott,https://createcaribbean.org/vcl/dwalcott_dloc/,-60.96730046,13.89863973
dsandy,Derry Sandy,Trinidad & Tobago,3,0,0,Unknown,,,-61.26048814,10.47267428
dhall,Desmond Hall,Jamaica,4,0,0,Unknown,,,-77.31110641,18.15769529
dvnicholson,Desmond V Nicholson,England,11,0,0,Unknown,,https://createcaribbean.org/vcl/dvnicholson_dloc/,-1.458627594,52.59273448
djules,Didacus Jules,St. Lucia,16,1956,0,1956-,https://en.wikipedia.org/wiki/Didacus_Jules,https://createcaribbean.org/vcl/djules_dloc/,-60.96730046,13.89863973
deleger,Dimitry Elias Léger,Haiti,5,1971,0,1971-,https://en.wikipedia.org/wiki/Dimitry_Elias_L%C3%A9ger,,-72.3385625,18.40248133
dbrand,Dionne Brand,Trinidad & Tobago,3,1953,0,1953-,https://en.wikipedia.org/wiki/Dionne_Brand,https://createcaribbean.org/vcl/dbrand_dloc/,-61.26048814,10.47267428
dhinds,Donald Hinds,Jamaica,4,1934,0,1934-,https://en.wikipedia.org/wiki/Donald_Hinds,https://www.dloc.com/AA00030170/00001/images,-77.31110641,18.15769529
devery,Donna Every,Barbados,12,0,0,Unknown,,,-59.55642448,13.17222198
eglong,Earl G Long,St. Lucia,16,1945,0,1945-,,,-60.96730046,13.89863973
elovelace,Earl Lovelace,Trinidad & Tobago,3,1935,0,1935-,https://en.wikipedia.org/wiki/Earl_Lovelace,https://createcaribbean.org/vcl/elovelace_dloc/,-61.26048814,10.47267428
evega,Eddie Vega,Cuba,14,0,0,Unknown,,,-79.5,22
ewhyte,Eddie Whyte,British Virgin Islands,63,0,0,Unknown,,,-64.5942075,18.43030834
ephillpotts,Eden Phillpotts,India,40,1862,1960,1862-1960,https://en.wikipedia.org/wiki/Eden_Phillpotts,https://www.dloc.com/AA00079434/00475/images,79.44332655,23.37937974
eamittelholzer,Edgar Austin Mittelholzer,Guyana,62,1909,1965,1909-1965,https://en.wikipedia.org/wiki/Edgar_Mittelholzer,https://createcaribbean.org/vcl/eamittelholzer_dloc/,-58.97538658,4.79642268
etwilliams,Edison T Williams,Barbados,12,0,0,Unknown,,,-59.55642448,13.17222198
eclarke,Edith Clarke,Jamaica,4,1896,1979,1896-1979,https://en.wikipedia.org/wiki/Edith_Clarke_(anthropologist),https://createcaribbean.org/vcl/eclarke_dloc/,-77.31110641,18.15769529
elpaironne,Edmond Lapompe-Paironne,Martinique,8,0,0,Unknown,,,-61.01838056,14.65313333
emokwe,Edouard Mokwe,United States,1,0,0,Unknown,,,-99.41461919,39.39870316
esaintamand,Edris Saint-Amand,Haiti,5,1918,2004,1918-2004,https://en.wikipedia.org/wiki/Edris_Saint-Amand,https://createcaribbean.org/vcl/esaintamand_dloc/,-72.3385625,18.40248133
edelllano,Eduardo Del Llano,Cuba,14,1962,0,1962-,https://es.wikipedia.org/wiki/Eduardo_del_Llano,,-79.5,22
ebaugh,Edward Baugh,Jamaica,4,1936,0,1936-,https://en.wikipedia.org/wiki/Edward_Baugh,https://createcaribbean.org/vcl/ebaugh_dloc/,-77.31110641,18.15769529
ekbrathwaite,Edward Kamau Brathwaite,Barbados,12,1930,2020,1930-2020,https://en.wikipedia.org/wiki/Kamau_Brathwaite,https://createcaribbean.org/vcl/kbrathwaite_dloc/,-59.55642448,13.17222198
edanticat,Edwidge Danticat,Haiti,5,1969,0,1969-,https://en.wikipedia.org/wiki/Edwidge_Danticat,https://createcaribbean.org/vcl/edanticat_dloc/,-72.3385625,18.40248133
epspringer,Eintou Pearl Springer,Trinidad & Tobago,3,1944,0,1944-,https://en.wikipedia.org/wiki/Eintou_Pearl_Springer,https://createcaribbean.org/vcl/epspringer_dloc/,-61.26048814,10.47267428
ediego,Eliseo Diego,Cuba,14,1920,1994,1920-1994,https://en.wikipedia.org/wiki/Eliseo_Diego,https://www.dloc.com/AA00048549/00045/images,-79.5,22
eacevedo,Elizabeth Acevedo,United States,1,1988,0,1988-,https://en.wikipedia.org/wiki/Elizabeth_Acevedo,,-99.41461919,39.39870316
enunez,Elizabeth Nunez,Trinidad & Tobago,3,1944,0,1944-,https://en.wikipedia.org/wiki/Elizabeth_Nunez,https://www.dloc.com/AA00000079/00006/images,-61.26048814,10.47267428
ewalcotthackshaw,Elizabeth Walcott-Hackshaw,Trinidad & Tobago,3,1964,0,1964-,https://en.wikipedia.org/wiki/Elizabeth_Walcott-Hackshaw,https://createcaribbean.org/vcl/ewalcotthackshaw_dloc/,-61.26048814,10.47267428
enapier,Elma Napier,Dominica,10,1892,1973,1892-1973,https://en.wikipedia.org/wiki/Elma_Napier,https://www.dloc.com/AA00011396/00001/pdf,-61.35007388,15.43465728
ellima,Eloísa Lezama Lima,Cuba,14,1966,0,1966-,https://en.wikipedia.org/wiki/Jos%C3%A9_Lezama_Lima,,-79.5,22
ebobadilla,Emilio Bobadilla,Cuba,14,0,0,Unknown,https://en.wikipedia.org/wiki/Emilio_Bobadilla,https://createcaribbean.org/vcl/ebobadilla_dloc/,-79.5,22
eacolin,Emily A Colin,United States,1,0,0,Unknown,,,-99.41461919,39.39870316
eewilliams,Eric Eustace Williams,Trinidad & Tobago,3,1911,1981,1911-1981,https://en.wikipedia.org/wiki/Eric_Williams,,-61.26048814,10.47267428
ebodber,Erna Brodber,Jamaica,4,0,0,Unknown,,,-77.31110641,18.15769529
ejohn,Errol John,Trinidad & Tobago,3,1924,1988,1924-1988,https://en.wikipedia.org/wiki/Errol_John,https://www.dloc.com/AA00010879/00001/images,-61.26048814,10.47267428
eborde,Eulah Borde,Trinidad & Tobago,3,0,0,Unknown,,,-61.26048814,10.47267428
ejones,Evan Jones,Jamaica,4,1927,2012,1927-2012,https://en.wikipedia.org/wiki/Evan_Jones_(writer),,-77.31110641,18.15769529
etrouillot,Évelyne Trouillot,Haiti,5,1954,0,1954-,https://en.wikipedia.org/wiki/%C3%89velyne_Trouillot,https://createcaribbean.org/vcl/etrouillot_dloc/,-72.3385625,18.40248133
evieta,Ezequiel Vieta,Cuba,14,1922,1995,1922-1995,https://es.wikipedia.org/wiki/Ezequiel_Vieta,,-79.5,22
ffiallo,Fabio Fiallo,Dominican Republic,9,1866,1942,1866-1942,https://en.wikipedia.org/wiki/Fabio_Fiallo,https://createcaribbean.org/vcl/ffiallo_dloc/,-70.49003617,18.89668483
fmrodriguez,Fabio Murrieta Rodríguez,Cuba,14,0,0,Unknown,,,-79.5,22
fhibbert,Fernand Hibbert,Haiti,5,1873,1928,1873-1928,https://en.wikipedia.org/wiki/Fernand_Hibbert,https://createcaribbean.org/vcl/fhibbert_dloc/,-72.3385625,18.40248133
fjborbe,Fernando José Barcena Orbe,St. Martin,50,0,0,1922-2018,,,-63.06108125,18.07951726
fmomplaisir,Francesca Momplaisir,Haiti,5,0,0,Unknown,,,-72.3385625,18.40248133
flatour,Francie Latour,United States,1,0,0,Unknown,,,-99.41461919,39.39870316
fcarco,Francis Carco,New Caledonia,26,1886,1958,1886-1958,https://en.wikipedia.org/wiki/Francis_Carco,,165.7018418,-21.30779132
facollymore,Frank A. Collymore,Barbados,12,1893,1980,1893-1980,https://en.wikipedia.org/wiki/Frank_Collymore,https://createcaribbean.org/vcl/facollymore_dloc/,-59.55642448,13.17222198
fjanney,Frank Janney,United States,1,0,0,Unknown,,,-99.41461919,39.39870316
franketienne,Frankétienne,Haiti,5,1936,0,1936-,https://en.wikipedia.org/wiki/Frank%C3%A9tienne,https://www.dloc.com/AA00038519/00001/videos,-72.3385625,18.40248133
fwainwright,Frantz Wainwright,Haiti,5,0,0,Unknown,,https://createcaribbean.org/vcl/fwainwright_dloc/,-72.3385625,18.40248133
fdaguiar,Fred D'Aguiar,England,11,1960,0,1960-,https://en.wikipedia.org/wiki/Fred_D%27Aguiar,https://createcaribbean.org/vcl/fdaguiar_dloc/,-1.458627594,52.59273448
fmarcelin,Frédéric Marcelin,Haiti,5,1848,1917,1848-1917,https://fr.wikipedia.org/wiki/Fr%C3%A9d%C3%A9ric_Marcelin,https://createcaribbean.org/vcl/fmarcelin_dloc/,-72.3385625,18.40248133
fwols,Frits Wols,Suriname,43,1938,0,1938-,https://nl.wikipedia.org/wiki/Frits_Wols,,-56.01360781,3.931777409
gdayton,Geoffrey Drayton,Barbados,12,0,0,Unknown,,,-59.55642448,13.17222198
gphilip,Geoffrey Philip,Jamaica,4,0,0,Unknown,,,-77.31110641,18.15769529
gcampbell,George Campbell,Jamaica,4,1916,2002,1916-2002,,https://www.dloc.com/CA01300005/00001/images,-77.31110641,18.15769529
glamming,George Lamming,Barbados,12,1927,2022,1927-2022,https://en.wikipedia.org/wiki/George_Lamming,https://createcaribbean.org/vcl/glamming_dloc/,-59.55642448,13.17222198
gmauvois,Georges Mauvois,Martinique,8,1922,2018,1922-2018,https://fr.wikipedia.org/wiki/Georges_Mauvois,https://www.dloc.com/UF00088914/00204/images,-61.01838056,14.65313333
gsylvain,Georges Sylvain,Haiti,5,0,0,Unknown,https://fr.wikipedia.org/wiki/Georges_Sylvain,https://createcaribbean.org/vcl/gsylvain_dloc/,-72.3385625,18.40248133
gbulin,Gérard Bulin,France,17,0,0,Unknown,,,2.550539953,46.55941704
gpicart,Gina Picart,Cuba,14,1956,0,1956-,https://es.wikipedia.org/wiki/Gina_Picart,https://createcaribbean.org/vcl/gpicart_dloc/,-79.5,22
gpineau,Gisèle Pineau,Guadeloupe,29,1956,0,1956-,https://en.wikipedia.org/wiki/Gis%C3%A8le_Pineau,https://createcaribbean.org/vcl/gpineau_dloc/,-61.65012,16.14475253
gguevara,Glynis Guevara,Trinidad & Tobago,3,0,0,Unknown,,,-61.26048814,10.47267428
grohlehr,Gordon Rohlehr,Guyana,62,1942,2023,1942-2023,https://en.wikipedia.org/wiki/Gordon_Rohlehr,https://createcaribbean.org/vcl/grohlehr_dloc/,-58.97538658,4.79642268
gnichols,Grace Nichols,Guyana,62,1950,0,1950-,https://en.wikipedia.org/wiki/Grace_Nichols,https://createcaribbean.org/vcl/gnichols_dloc/,-58.97538658,4.79642268
gthompson,Gregory Thompson,Trinidad & Tobago,3,1958,0,1958-,,,-61.26048814,10.47267428
grosales,Guillermo Rosales,Cuba,14,1946,1993,1946-1993,https://en.wikipedia.org/wiki/Guillermo_Rosales,,-79.5,22
gjohn,Gus John,Grenada,27,1945,0,1945-,https://en.wikipedia.org/wiki/Gus_John,,-61.65964496,12.15196505
gharold,Gwyneth Harold,Jamaica,4,0,0,Unknown,,,-77.31110641,18.15769529
hkhemraj,Harischandra Khemraj,Guyana,62,1944,0,1944-,https://en.wikipedia.org/wiki/Harischandra_Khemraj,https://createcaribbean.org/vcl/hkhemraj_dloc/,-58.97538658,4.79642268
hramoutar,Harold Ramoutar,Chile,49,0,0,Unknown,,,-71,-30
hsladoo,Harold Sonny Ladoo,Trinidad & Tobago,3,1954,0,1954-,,https://createcaribbean.org/vcl/hsladoo_dloc/,-61.26048814,10.47267428
hvaldman,Hayim Valdman,Ukraine,60,0,0,Unknown,,,31.37492605,49.02689837
hsmcdonald,Hazel Simmons-McDonald,St. Lucia,16,1947,0,1947-,https://en.wikipedia.org/wiki/Hazel_Simmons-McDonald,https://createcaribbean.org/vcl/hsmcdonald_dloc/,-60.96730046,13.89863973
hklonaris,Helen Klonaris,The Bahamas,19,0,0,Unknown,,https://createcaribbean.org/vcl/hklonaris_dloc/,-77.37122,25.04082
hhbell,Henry Hesketh Bell,England,11,1864,1952,1864-1952,https://en.wikipedia.org/wiki/Henry_Hesketh_Bell,,-1.458627594,52.59273448
hjreifer,Herbert J. Reifer,Barbados,12,0,0,Unknown,,,-59.55642448,13.17222198
hpease,Howard Pease,United States,1,1894,1974,1894-1974,https://en.wikipedia.org/wiki/Howard_Pease,,-99.41461919,39.39870316
hnthomas,Hubert Nigel Thomas,St. Vincent & the Grenadines,42,1947,0,1947-,,,-61.20075147,13.20184062
hpapailler,Hubert Papailler,Haiti,5,1916,2007,1916-2007,,https://createcaribbean.org/vcl/hpapailler_dloc/,-72.3385625,18.40248133
hyared,Hyam Yared,Lebanon,65,1975,0,1975-,https://en.wikipedia.org/wiki/Hyam_Yared,,35.89342774,33.92144517
izoboi,Ibi Zoboi,Haiti,5,1972,0,1972-,https://en.wikipedia.org/wiki/Ibi_Zoboi,,-72.3385625,18.40248133
ifaubert,Ida Faubert,Haiti,5,1882,1969,1882-1969,https://en.wikipedia.org/wiki/Ida_Faubert,https://www.dloc.com/UF00000081/05733/images,-72.3385625,18.40248133
ifulani,Ifeona Fulani,Jamaica,4,0,0,Unknown,,https://createcaribbean.org/vcl/ifulani_dloc/,-77.31110641,18.15769529
ipersaud,Ingrid Persaud,Trinidad & Tobago,3,0,0,Unknown,https://en.wikipedia.org/wiki/Ingrid_Persaud,,-61.26048814,10.47267428
ilferguson,Ira Lunan Ferguson,Jamaica,4,1904,1992,1904-1992,https://en.wikipedia.org/wiki/Ira_Lunan_Ferguson,,-77.31110641,18.15769529
iachuecos,Isabel Abellán Chuecos,Spain,2,0,0,Unknown,,,-3.646063105,40.22794966
ikhan,Ismith Khan,Trinidad & Tobago,3,1925,2002,1925-2002,https://en.wikipedia.org/wiki/Ismith_Khan,,-61.26048814,10.47267428
ikelly,Ivory Kelly,Belize,33,0,0,Unknown,,,-88.69496155,17.20905026
jabrathwaite,J. Ashton Brathwaite,Barbados,12,0,0,Unknown,https://en.wikipedia.org/wiki/Odimumba_Kwamdela,,-59.55642448,13.17222198
jross,Jacob Ross,Grenada,27,1956,0,1956-,https://en.wikipedia.org/wiki/Jacob_Ross,,-61.65964496,12.15196505
jroumain,Jacques Roumain,Haiti,5,1907,1944,1907-1944,https://en.wikipedia.org/wiki/Jacques_Roumain,https://createcaribbean.org/vcl/jroumain_dloc/,-72.3385625,18.40248133
jsalexis,Jacques Stephen Alexis,Haiti,5,1922,1961,1922-1961,https://en.wikipedia.org/wiki/Jacques_Stephen_Alexis,https://createcaribbean.org/vcl/jsalexis_dloc/,-72.3385625,18.40248133
jkincaid,Jamaica Kincaid,Antigua & Barbuda,38,1949,0,1949-,https://en.wikipedia.org/wiki/Jamaica_Kincaid,https://createcaribbean.org/vcl/jkincaid_dloc/,-61.79871012,17.07766464
jlinen,James Linen,England,11,1808,1873,1808-1873,,,-1.458627594,52.59273448
jamsie,Jamsie,Ireland,39,0,0,Unknown,,https://createcaribbean.org/vcl/jamsie_dloc/,-8.146006147,53.17587985
jjdominique,Jan J Dominique,Haiti,5,1953,0,1953-,https://fr.wikipedia.org/wiki/Jan_J._Dominique,https://createcaribbean.org/vcl/jjdominique_dloc/,-72.3385625,18.40248133
jshinebourne,Janice Shinebourne,Guyana,62,1947,0,1947-,https://en.wikipedia.org/wiki/Jan_Shinebourne,https://createcaribbean.org/vcl/jshinebourne_dloc/,-58.97538658,4.79642268
jbernabé,Jean Bernabé,Martinique,8,1942,2017,1942-2017,https://en.wikipedia.org/wiki/Jean_Bernab%C3%A9,https://createcaribbean.org/vcl/jbernab%c3%a9_dloc/,-61.01838056,14.65313333
jbreeze,Jean Breeze,Jamaica,4,1956,2021,1956-2021,https://en.wikipedia.org/wiki/Jean_%22Binta%22_Breeze,https://createcaribbean.org/vcl/jbreeze_dloc/,-77.31110641,18.15769529
jdcosta,Jean D'Costa,Jamaica,4,1937,0,1937-,https://en.wikipedia.org/wiki/Jean_D%27Costa,https://createcaribbean.org/vcl/jdcosta_dloc/,-77.31110641,18.15769529
jdjoachim,Jean Dany Joachim,Haiti,5,0,0,Unknown,,,-72.3385625,18.40248133
jgoulbourne,Jean Goulbourne,Jamaica,4,0,0,Unknown,,https://createcaribbean.org/vcl/jgoulbourne_dloc/,-77.31110641,18.15769529
jrhys,Jean Rhys,Dominica,10,1890,1979,1890-1979,https://en.wikipedia.org/wiki/Jean_Rhys,https://createcaribbean.org/vcl/jrhys_dloc/,-61.35007388,15.43465728
jjvilaire,Jean-Joseph Vilaire,Haiti,5,1881,1967,1881-1967,,https://www.dloc.com/AA00000461/00018/images,-72.3385625,18.40248133
jmlemaire,Jean-Michel Lemaire,Guadeloupe,29,1960,0,1960-,,,-61.65012,16.14475253
jwheatley,Jennie Wheatley,British Virgin Islands,63,1939,0,1939-,https://en.wikipedia.org/wiki/Jennie_Wheatley,https://www.dloc.com/AA00032523/00002/images,-64.5942075,18.43030834
jbent,Jennifer Bent,Jamaica,4,1973,0,1973-,https://en.wikipedia.org/wiki/Joanne_C._Hillhouse,https://createcaribbean.org/vcl/jchillhouse_dloc/,-77.31110641,18.15769529
jksoverall,Jivan Kaur Soverall,United States,1,0,0,Unknown,,,-99.41461919,39.39870316
jchillhouse,Joanne C. Hillhouse,Antigua & Barbuda,38,0,0,Unknown,,,-61.79871012,17.07766464
jskerrett,Joanne Skerrett,Dominica,10,0,0,Unknown,,,-61.35007388,15.43465728
jhearne,John Hearne,Jamaica,4,1926,1994,1926-1994,https://en.wikipedia.org/wiki/John_Hearne_(writer),https://createcaribbean.org/vcl/jhearne_dloc/,-77.31110641,18.15769529
jjfigueroa,John J Figueroa,Jamaica,4,1920,1990,1920-1999,https://en.wikipedia.org/wiki/John_Figueroa,,-77.31110641,18.15769529
jmorris,John Morris,England,11,0,0,Unknown,,,-1.458627594,52.59273448
jrlee,John Robert Lee,St. Lucia,16,1948,0,1948-,,,-60.96730046,13.89863973
jwboddamwhetham,John W. Boddam-Whetham,Australia,36,0,0,Unknown,,https://createcaribbean.org/vcl/jwboddamwhetham_dloc/,134.4840312,-25.70993157
jdlrosa,Jonathan De La Rosa,United States,1,0,0,Unknown,,,-99.41461919,39.39870316
jronet,Jorge Ronet,Brazil,35,0,0,Unknown,,,-53.07346689,-10.76994643
jllima,José Lezama Lima,Cuba,14,1910,1976,1910-1976,https://en.wikipedia.org/wiki/Jos%C3%A9_Lezama_Lima,,-79.5,22
jmartí,Jose Martí,Cuba,14,0,0,Unknown,,,-79.5,22
jpsariol,Jose Prats Sariol,Cuba,14,1946,0,1946-,https://es.wikipedia.org/wiki/Jos%C3%A9_Prats_Sariol,,-79.5,22
jrfeo,Jose Rodriguez Feo,Cuba,14,1920,1993,1920-1993,,,-79.5,22
jhusband,Joseph Husband,France,17,1864,1952,1864-1952,,https://createcaribbean.org/vcl/jhusband_dloc/,2.550539953,46.55941704
jzobel,Joseph Zobel,Martinique,8,1915,2006,1915-2006,https://en.wikipedia.org/wiki/Joseph_Zobel,,-61.01838056,14.65313333
jpeterson,Josie Peterson,United States,1,0,0,Unknown,,,-99.41461919,39.39870316
jhinkson,Joy Hinkson,Barbados,12,0,0,1949-,,https://www.dloc.com/AA00013173/00001/pdf,-59.55642448,13.17222198
jaalix,Juan Antonio Alix,Dominican Republic,9,1833,1918,1833-1918,,https://createcaribbean.org/vcl/jaalix_dloc/,-70.49003617,18.89668483
jcnunez,Juan Carlos Nunez,Chile,49,1968,0,1968-,,,-71,-30
jfmanzano,Juan Francisco Manzano,Cuba,14,1797,1854,1797-1854,https://en.wikipedia.org/wiki/Juan_Francisco_Manzano,,-79.5,22
jpdeleon,Juana Ponce de León,Puerto Rico,37,0,0,Unknown,,,-66.46895343,18.2226065
jduranty,Jude Duranty,Martinique,8,1951,0,1951-,,https://www.dloc.com/UF00083246/00002/images,-61.01838056,14.65313333
jrossell,Judith Rossell,Australia,36,1953,0,1953-,,,134.4840312,-25.70993157
jstone,Judy Stone,Australia,36,1942,0,1942-,https://en.wikipedia.org/wiki/Judy_Stone,,134.4840312,-25.70993157
jghunta,Juleus Ghunta,Jamaica,4,1988,0,1988-,,,-77.31110641,18.15769529
jalvarez,Julia Alvarez,United States,1,1950,0,1950-,https://en.wikipedia.org/wiki/Julia_Alvarez,https://www.dloc.com/CA00800001/00001/images,-99.41461919,39.39870316
jklundgren,Julie K Lundgren,United States,1,1961,0,1961,,,-99.41461919,39.39870316
jortega,Julio Ortega,Cuba,14,1942,0,1942-,https://es.wikipedia.org/wiki/Julio_Ortega_(escritor),https://www.dloc.com/UF00081352/00001/images,-79.5,22
jdiaz,Junot Diaz,Dominican Republic,9,1968,0,1968-,https://en.wikipedia.org/wiki/Junot_D%C3%ADaz,https://createcaribbean.org/vcl/jdiaz_dloc/,-70.49003617,18.89668483
jlherisson,Justin Lhérisson,Haiti,5,1873,1907,1873-1907,https://fr.wikipedia.org/wiki/Justin_Lh%C3%A9risson,https://www.dloc.com/AA00073342/00001/downloads,-72.3385625,18.40248133
kdeen,Kamalo Deen,Trinidad & Tobago,3,1944,0,1944-,,,-61.26048814,10.47267428
klord,Karen Lord,Barbados,12,0,0,1968-,https://en.wikipedia.org/wiki/Karen_Lord,,-59.55642448,13.17222198
kmahchamberlain,Karen Mah-Chamberlain,United States,1,0,0,Unknown,,,-99.41461919,39.39870316
kcraig,Karl Craig,Jamaica,4,1937,0,1937-,,https://createcaribbean.org/vcl/kcraig_dloc/,-77.31110641,18.15769529
kdrayton,Kathleen Drayton,Trinidad & Tobago,3,1930,2009,1930-2009,,,-61.26048814,10.47267428
kdulysse,Katia D. Ulysse,Haiti,5,1975,0,1975-,,https://www.dloc.com/AA00000079/00006/images,-72.3385625,18.40248133
kwolek,Katia Wolek,France,17,1946,0,1946-,,,2.550539953,46.55941704
kmiller,Kei Miller,Jamaica,4,1978,0,1978-,https://en.wikipedia.org/wiki/Kei_Miller,https://createcaribbean.org/vcl/kmiller_dloc/,-77.31110641,18.15769529
khippolyte,Kendel Hippolyte,St. Lucia,16,1952,0,1952-,https://en.wikipedia.org/wiki/Kendel_Hippolyte,https://createcaribbean.org/vcl/khippolyte_dloc/,-60.96730046,13.89863973
kmars,Kettly Mars,Haiti,5,1958,0,1958-,https://en.wikipedia.org/wiki/Kettly_Mars,https://createcaribbean.org/vcl/kmars_dloc/,-72.3385625,18.40248133
kbaldeosingh,Kevin Baldeosingh,Trinidad & Tobago,3,1963,0,1963-,https://en.wikipedia.org/wiki/Kevin_Baldeosingh,https://createcaribbean.org/vcl/kbaldeosingh_dloc/,-61.26048814,10.47267428
kaarthur,Kevyn Alan Arthur,Barbados,12,0,0,1942-,,https://www.dloc.com/UF00096005/00024/images,-59.55642448,13.17222198
kmkhelawan,Kia Marie Khelawan,Trinidad & Tobago,3,0,0,Unknown,,,-61.26048814,10.47267428
kasital,Krystal A Sital,Trinidad & Tobago,3,0,0,Unknown,,,-61.26048814,10.47267428
ksndawes,Kwame Senu Neville Dawes,Jamaica,4,1962,0,1962-,https://en.wikipedia.org/wiki/Kwame_Dawes,https://www.dloc.com/AA00030335/00001/images,-77.31110641,18.15769529
lpersaud,Lakshmi Persaud,Trinidad & Tobago,3,1939,0,1939-,https://en.wikipedia.org/wiki/Lakshmi_Persaud,https://www.dloc.com/UF00094180/00055/pdf,-61.26048814,10.47267428
lwillig,Lauren Willig,United States,1,0,0,Unknown,https://en.wikipedia.org/wiki/Lauren_Willig,,-99.41461919,39.39870316
lscott,Lawrence Scott,Trinidad & Tobago,3,1943,0,1943-,https://en.wikipedia.org/wiki/Lawrence_Scott,,-61.26048814,10.47267428
lgcarriles,Lázaro Gómez Carriles,United States,1,0,0,Unknown,,,-99.41461919,39.39870316
lmoïse,Lenelle Moïse,Haiti,5,1980,0,1980-,https://en.wikipedia.org/wiki/Lenelle_Mo%C3%AFse,,-72.3385625,18.40248133
lhonychurch,Lennox Honychurch,Dominica,10,1952,0,1952-,https://en.wikipedia.org/wiki/Lennox_Honychurch,https://createcaribbean.org/vcl/lhonychurch_dloc/,-61.35007388,15.43465728
lpfuentes,Leonardo Padura Fuentes,Cuba,14,1955,0,1955-,https://en.wikipedia.org/wiki/Leonardo_Padura_Fuentes,https://createcaribbean.org/vcl/lpfuentes_dloc/,-79.5,22
lross,Leone Ross,England,11,1969,0,1969-,https://en.wikipedia.org/wiki/Leone_Ross,,-1.458627594,52.59273448
lfmanigat,Leslie Francois Manigat,Haiti,5,1988,2014,1988-2014,https://en.wikipedia.org/wiki/Leslie_Manigat,https://createcaribbean.org/vcl/lfmanigat_dloc/,-72.3385625,18.40248133
lhenry,Lewis Henry,United States,1,1950,0,1950-,,,-99.41461919,39.39870316
ldaisley,Liesel Daisley,Barbados,12,0,0,Unknown,,https://createcaribbean.org/vcl/ldaisley_dloc/,-59.55642448,13.17222198
lbarrett,Lindsay Barrett,Jamaica,4,1941,0,1941-,https://en.wikipedia.org/wiki/Lindsay_Barrett,https://createcaribbean.org/vcl/lbarrett_dloc/,-77.31110641,18.15769529
lncalvo,Lino Novás Calvo,Spain,2,1903,1983,1903-1983,https://es.wikipedia.org/wiki/Lino_Nov%C3%A1s_Calvo,,-3.646063105,40.22794966
laagostini,Lisa Allen-Agostini,Trinidad & Tobago,3,0,0,Unknown,https://en.wikipedia.org/wiki/Lisa_Allen-Agostini,https://www.dloc.com/AA00090268/00050/pdf,-61.26048814,10.47267428
lemery,Llewellyn Emery,Spain,2,0,0,Unknown,,,-3.646063105,40.22794966
lking,Lloyd King,United States,1,0,0,Unknown,,,-99.41461919,39.39870316
lgoodison,Lorna Goodison,Jamaica,4,1947,0,1947-,https://en.wikipedia.org/wiki/Lorna_Goodison,https://createcaribbean.org/vcl/lgoodison_dloc/,-77.31110641,18.15769529
lcarpinteros,Los Carpinteros,Cuba,14,0,0,Unknown,,,-79.5,22
lpdalembert,Louis-Philippe Dalembert,Haiti,5,1980,0,1980-,https://en.wikipedia.org/wiki/Louis-Philippe_Dalembert,https://createcaribbean.org/vcl/lpdalembert_dloc/,-72.3385625,18.40248133
lbennett,Louise Bennett,Jamaica,4,1919,2006,1919-2006,https://en.wikipedia.org/wiki/Louise_Bennett-Coverley,https://createcaribbean.org/vcl/lbennett_dloc/,-77.31110641,18.15769529
lharpon,Louise Harpon,Unknown,0,0,0,Unknown,https://ht.wikipedia.org/wiki/Louise_Harpon,,,
lcazal,Louison Cazal,Martinique,8,0,0,Unknown,,,-61.01838056,14.65313333
llcoll,Lucía López Coll,Cuba,14,0,0,Unknown,,,-79.5,22
laguero,Luis Aguero,Cuba,14,1937,0,1937-,,https://www.dloc.com/AA00090768/00001/images,-79.5,22
lrsanchez,Luis Rafael Sánchez,Puerto Rico,37,1936,0,1936-,https://en.wikipedia.org/wiki/Luis_Rafael_S%C3%A1nchez,,-66.46895343,18.2226065
lpdezambrana,Luisa Pérez de Zambrana,Cuba,14,1837,1922,1837-1922,https://en.wikipedia.org/wiki/Luisa_P%C3%A9rez_de_Zambrana,https://www.dloc.com/AA00065141/00001/pdf,-79.5,22
ljdominique,Lyndon J. Dominique,United States,1,1972,0,1972,,,-99.41461919,39.39870316
lmstanley,Lyne-Marie Stanley,French Guiana,28,1944,0,1944-,https://fr.wikipedia.org/wiki/Lyne-Marie_Stanley,,-53.23312207,3.921724136
mmontano,Machel Montano,Trinidad & Tobago,3,1974,0,1974,https://en.wikipedia.org/wiki/Machel_Montano,https://createcaribbean.org/vcl/mmontano_dloc/,-61.26048814,10.47267428
mlopez,Magdalena López,United States,1,0,0,Unknown,,,-99.41461919,39.39870316
msdas,Mahadai Das,Guyana,62,0,0,Unknown,,,-58.97538658,4.79642268
mmoulite,Maika Moulite,United States,1,0,0,Unknown,,,-99.41461919,39.39870316
mcard,Maisy Card,Jamaica,4,0,0,Unknown,,,-77.31110641,18.15769529
mzolivella,Manuel Zapata Olivella,Colombia,66,1920,2004,1920-2004,https://en.wikipedia.org/wiki/Manuel_Zapata_Olivella,https://createcaribbean.org/vcl/mzolivella_dloc/,-73.07575492,3.901115804
memanley,Mara Etienne-Manley,Dominica,10,0,0,Unknown,,,-61.35007388,15.43465728
mnérée,Marcel Nérée,France,17,0,0,Unknown,,,2.550539953,46.55941704
mbreton,Marcela Breton,United States,1,0,0,Unknown,,https://www.dloc.com/AA00061374/00001/pdf,-99.41461919,39.39870316
mdouglas,Marcia Douglas,Jamaica,4,1961,0,1961-,https://en.wikipedia.org/wiki/Marcia_Douglas,,-77.31110641,18.15769529
mbusby,Margaret Busby,Ghana,25,1944,0,1944-,https://en.wikipedia.org/wiki/Margaret_Busby,,-1.249772342,7.980995107
msduran,Margarita Suero-Duran,United States,1,0,0,Unknown,,,-99.41461919,39.39870316
mnugent,Maria Nugent,United States,1,1771,1834,1771-1834,https://en.wikipedia.org/wiki/Maria_Nugent,https://www.dloc.com/AA00052852/00001/images,-99.41461919,39.39870316
mrsquires,Maria Roberts-Squires,Jamaica,4,0,0,Unknown,,,-77.31110641,18.15769529
mbrull,Mariano Brull,Cuba,14,1891,1956,1891-1956,https://en.wikipedia.org/wiki/Mariano_Brull,https://createcaribbean.org/vcl/mbrull_dloc/,-79.5,22
mrodriguez,Mariano Rodríguez,Cuba,14,1912,1990,1912-1990,https://es.wikipedia.org/wiki/Mariano_Rodr%C3%ADguez,,-79.5,22
marnold,Marie Arnold,Haiti,5,0,0,Unknown,,,-72.3385625,18.40248133
mcagnant,Marie Célie Agnant,Haiti,5,1953,0,1953-,https://en.wikipedia.org/wiki/Marie-C%C3%A9lie_Agnant,https://www.dloc.com/AA00079182/00001/downloads,-72.3385625,18.40248133
mevelyn,Marie Evelyn,Barbados,12,0,0,Unknown,,,-59.55642448,13.17222198
mvchauvet,Marie Vieux-Chauvet,Haiti,5,1916,1973,1916-1973,https://en.wikipedia.org/wiki/Marie_Vieux-Chauvet,https://createcaribbean.org/vcl/mvchauvet_dloc/,-72.3385625,18.40248133
mejohn,Marie-Elena John,Antigua & Barbuda,38,1963,0,1963-,https://en.wikipedia.org/wiki/Marie-Elena_John,,-61.79871012,17.07766464
mjaugustin,Marie-Joséphine Augustin,United States,1,1816,1850,1816-1850,,,-99.41461919,39.39870316
mmcarbet,Marie-Magdeleine Carbet,Martinique,8,1902,1996,1902-1996,https://fr.wikipedia.org/wiki/Marie-Magdeleine_Carbet,,-61.01838056,14.65313333
mpreziuso,Marika Preziuso,Italy,20,0,0,Unknown,,,12.83333,42.83333
mbleón,Marilyn Bobes León,Cuba,14,1955,0,1955-,https://en.wikipedia.org/wiki/Marilyn_Bobes,,-79.5,22
msbrown,Marina Salandy-Brown,Trinidad & Tobago,3,0,0,Unknown,https://en.wikipedia.org/wiki/Marina_Salandy-Brown,,-61.26048814,10.47267428
mbethel,Marion Bethel,The Bahamas,19,1953,0,1953-,https://en.wikipedia.org/wiki/Marion_Bethel,https://www.dloc.com/CA00299029/00001/images,-77.37122,25.04082
mdowe,Marion Dowe,Dominica,10,0,0,Unknown,,,-61.35007388,15.43465728
mocallaghan,Marion O'Callaghan,Trinidad & Tobago,3,1931,2016,1931-2016,https://en.wikipedia.org/wiki/Marion_Patrick_Jones,https://www.dloc.com/UF00072147/00186/images,-61.26048814,10.47267428
mmcwatt,Mark McWatt,Guyana,62,1947,0,1947-,https://en.wikipedia.org/wiki/Mark_McWatt,https://createcaribbean.org/vcl/mmcwatt_dloc/,-58.97538658,4.79642268
mnphilip,Marlene Nourbese Philip,Trinidad & Tobago,3,1947,0,1947-,https://en.wikipedia.org/wiki/M._NourbeSe_Philip,,-61.26048814,10.47267428
mjames,Marlon James,Jamaica,4,1970,0,1970-,https://en.wikipedia.org/wiki/Marlon_James_(novelist),https://createcaribbean.org/vcl/mjames_dloc/,-77.31110641,18.15769529
mblanchard,Martha Blanchard,St. Lucia,16,0,0,Unknown,,,-60.96730046,13.89863973
mamis,Martin Amis,England,11,1949,0,1949-,https://en.wikipedia.org/wiki/Martin_Amis,,-1.458627594,52.59273448
mprince,Mary Prince,Bermuda,51,1788,1833,1788-1833,https://en.wikipedia.org/wiki/Mary_Prince,https://www.dloc.com/AA00015607/00001/downloads,-64.77004184,32.30681773
mconde,Maryse Condé,Guadeloupe,29,1937,0,1937-,https://en.wikipedia.org/wiki/Maryse_Cond%C3%A9,https://createcaribbean.org/vcl/mconde_dloc/,-61.65012,16.14475253
mjchapman,Matthew James Chapman,Barbados,12,1796,0,1796- Unknown,,https://www.dloc.com/AA00062339/00001/images,-59.55642448,13.17222198
mheurtelou,Maude Heurtelou,Haiti,5,0,0,Unknown,,https://createcaribbean.org/vcl/mheurtelou_dloc/,-72.3385625,18.40248133
mwlewis,Maureen Warner-Lewis,Trinidad & Tobago,3,1943,0,1943-,https://en.wikipedia.org/wiki/Maureen_Warner-Lewis,https://createcaribbean.org/vcl/mwlewis_dloc/,-61.26048814,10.47267428
maantoine,Max A Antoine,Haiti,5,1980,0,1980-,,,-72.3385625,18.40248133
mfarquharson,May Farquharson,Jamaica,4,1894,1992,1894-1992,https://en.wikipedia.org/wiki/May_Farquharson,,-77.31110641,18.15769529
mdixon,McDonald Dixon,United States,1,0,0,Unknown,,,-99.41461919,39.39870316
mjin,Meiling Jin,Guyana,62,1963,0,1963-,https://en.wikipedia.org/wiki/Meiling_Jin,https://createcaribbean.org/vcl/mjin_dloc/,-58.97538658,4.79642268
mabad,Mercedes Abad,Spain,2,1961,0,1961-,https://es.wikipedia.org/wiki/Mercedes_Abad,,-3.646063105,40.22794966
mcollins,Merle Collins,Grenada,27,1950,0,1950-,https://en.wikipedia.org/wiki/Merle_Collins,https://createcaribbean.org/vcl/mcollins_dloc/,-61.65964496,12.15196505
mhodge,Merle Hodge,Trinidad & Tobago,3,1944,0,1944-,https://en.wikipedia.org/wiki/Merle_Hodge,https://createcaribbean.org/vcl/mhodge_dloc/,-61.26048814,10.47267428
mmorris,Mervyn Morris,Jamaica,4,1937,0,1937-,https://en.wikipedia.org/wiki/Mervyn_Morris,https://createcaribbean.org/vcl/mmorris_dloc/,-77.31110641,18.15769529
manthony,Michael Anthony,Trinidad & Tobago,3,1932,2023,1932-2023,https://en.wikipedia.org/wiki/Michael_Anthony_(author),,-61.26048814,10.47267428
maubertin,Michael Aubertin,St. Lucia,16,1948,0,1948-,,,-60.96730046,13.89863973
mcozier,Michael Cozier,Trinidad & Tobago,3,0,0,Unknown,,,-61.26048814,10.47267428
msmith,Michael Smith,Jamaica,4,1954,1983,1954-1983,https://en.wikipedia.org/wiki/Mikey_Smith,,-77.31110641,18.15769529
mthelwell,Michael Thelwell,Jamaica,4,1939,0,1939-,https://en.wikipedia.org/wiki/Ekwueme_Michael_Thelwell,https://createcaribbean.org/vcl/mthelwell_dloc/,-77.31110641,18.15769529
mmphilip,Michel Maxwell Philip,Trinidad & Tobago,3,1829,1888,1829-1888,https://en.wikipedia.org/wiki/Michel_Maxwell_Philip,https://createcaribbean.org/vcl/mmphilip_dloc/,-61.26048814,10.47267428
mcliff,Michelle Cliff,Jamaica,4,1946,2016,1946-2016,https://en.wikipedia.org/wiki/Michelle_Cliff,https://createcaribbean.org/vcl/mcliff_dloc/,-77.31110641,18.15769529
mgargar,Michelle Gargar,Australia,36,0,0,Unknown,,,134.4840312,-25.70993157
mpbartonromeo,Michelle Paula Barton-Romeo,Trinidad & Tobago,3,0,0,Unknown,,,-61.26048814,10.47267428
maasturias,Miguel Ángel Asturias,Guatemala,15,1899,1974,1899-1974,https://en.wikipedia.org/wiki/Miguel_%C3%81ngel_Asturias,https://createcaribbean.org/vcl/maasturias_dloc/,-90.36397946,15.69723796
mcollazo,Miguel Collazo,Cuba,14,1936,1999,1936-1999,https://es.wikipedia.org/wiki/Miguel_Collazo,,-79.5,22
mdcarrión,Miguel de Carrión,Cuba,14,1875,1929,1875-1929,https://es.wikipedia.org/wiki/Miguel_de_Carri%C3%B3n,,-79.5,22
mricourt,Milagros Ricourt,United States,1,1960,0,1960-,,,-99.41461919,39.39870316
mrcáceres,Milagros Rodríguez Cáceres,Spain,2,1954,0,1954-,https://es.wikipedia.org/wiki/Milagros_Rodr%C3%ADguez_C%C3%A1ceres,,-3.646063105,40.22794966
mrosello,Mireille Rosello,United States,1,1957,0,1957-,,https://createcaribbean.org/vcl/mrosello_dloc/,-99.41461919,39.39870316
mroffey,Monique Roffey,Trinidad & Tobago,3,1965,0,1965-,https://en.wikipedia.org/wiki/Monique_Roffey,https://createcaribbean.org/vcl/mroffey_dloc/,-61.26048814,10.47267428
mmandisa,Mosi Mandisa,St. Kitts & Nevis,41,0,0,Unknown,,,-62.76560385,17.33971169
mpfernandez,Mylene Pintado Fernandz,Cuba,14,1963,0,1963-,https://es.wikipedia.org/wiki/Mylene_Fern%C3%A1ndez_Pintado,,-79.5,22
mjachancy,Myriam J. A Chancy,Haiti,5,1970,0,1970,https://en.wikipedia.org/wiki/Myriam_J._A._Chancy,,-72.3385625,18.40248133
mwvieyra,Myriam Warner-Vieyra,Guadeloupe,29,1939,2017,1939-2017,https://en.wikipedia.org/wiki/Myriam_Warner-Vieyra,https://createcaribbean.org/vcl/mwvieyra_dloc/,-61.65012,16.14475253
ncmarks,N. C. Marks,St. Vincent & the Grenadines,42,0,0,Unknown,,,-61.20075147,13.20184062
ndwilliams,N. D. Williams,Guyana,62,1942,0,1942-,https://en.wikipedia.org/wiki/N._D._Williams,https://www.dloc.com/AA00032523/00013/images/276,-58.97538658,4.79642268
nfimoja,Nailah Folami Imoja,Barbados,12,0,0,Unknown,,https://createcaribbean.org/vcl/nfimoja_dloc/,-59.55642448,13.17222198
ncoster,Naima Coster,United States,1,1986,0,1986-,https://en.wikipedia.org/wiki/Naima_Coster,,-99.41461919,39.39870316
nhopkinson,Nalo Hopkinson,Jamaica,4,1960,0,1960-,https://en.wikipedia.org/wiki/Nalo_Hopkinson,https://createcaribbean.org/vcl/nhopkinson_dloc/,-77.31110641,18.15769529
nroy,Namba Roy,Jamaica,4,1910,1961,1910 - 1961,https://en.wikipedia.org/wiki/Namba_Roy,https://createcaribbean.org/vcl/nroy_dloc/,-77.31110641,18.15769529
nmorejón,Nancy Morejón,Cuba,14,1944,0,1944-,https://en.wikipedia.org/wiki/Nancy_Morej%C3%B3n,,-79.5,22
njackson,Naomi Jackson,United States,1,0,0,Unknown,https://en.wikipedia.org/wiki/Naomi_Jackson,https://www.dloc.com/AA00090268/00026/pdf,-99.41461919,39.39870316
nshewcharan,Narmala Shewcharan,Guyana,62,0,0,Unknown,https://en.wikipedia.org/wiki/Narmala_Shewcharan,https://www.dloc.com/UF00080046/00033/images/290,-58.97538658,4.79642268
nponce,Néstor Ponce,Argentina,45,1955,0,1955-,https://fr.wikipedia.org/wiki/Ponce_N%C3%A9stor,,-65.07154211,-35.49575818
ndawes,Neville Dawes,Nigeria,31,1926,1984,1926 - 1984,https://en.wikipedia.org/wiki/Neville_Dawes,https://createcaribbean.org/vcl/ndawes_dloc/,8.106777828,9.593696882
ngiuseppi,Neville Giuseppi,Trinidad & Tobago,3,1909,1999,1909 - 1999,,https://createcaribbean.org/vcl/ngiuseppi_dloc/,-61.26048814,10.47267428
nlaughlin,Nicholas Laughlin,Trinidad & Tobago,3,1975,0,1975-,https://en.wikipedia.org/wiki/Nicholas_Laughlin,,-61.26048814,10.47267428
nyoon,Nicola Yoon,Jamaica,4,1972,0,1972-,https://en.wikipedia.org/wiki/Nicola_Yoon,,-77.31110641,18.15769529
ngullien,Nicolás Guillén,Cuba,14,1902,1989,1902 - 1989,https://en.wikipedia.org/wiki/Nicolás_Guillén,https://createcaribbean.org/vcl/ngullien_dloc/,-79.5,22
ndennisbenn,Nicole Deniss-Benn,Jamaica,4,1982,0,1982-,https://en.wikipedia.org/wiki/Nicole_Dennis-Benn,https://createcaribbean.org/vcl/ndennisbenn_dloc/,-77.31110641,18.15769529
nroberts,Nicole Roberts,United States,1,0,0,Unknown,,,-99.41461919,39.39870316
necameron,Norman Eustace Cameron,Guyana,62,1903,1983,1903 - 1983,https://en.wikipedia.org/wiki/N._E._Cameron,https://www.dloc.com/UF00088915/00279/images/29,-58.97538658,4.79642268
ordathorne,O.R Dathorne,Guyana,62,1934,2007,1934 - 2007,https://en.wikipedia.org/wiki/Oscar_Dathorne,https://createcaribbean.org/vcl/ordathorne_dloc/,-58.97538658,4.79642268
olewin,Olive Lewin,Jamaica,4,1927,2013,1927 - 2013,https://en.wikipedia.org/wiki/Olive_Lewin,https://www.dloc.com/CA00199854/00001/images,-77.31110641,18.15769529
osenior,Olive Senior,Jamaica,4,1941,0,1941-,https://en.wikipedia.org/wiki/Olive_Senior,https://createcaribbean.org/vcl/osenior_dloc/,-77.31110641,18.15769529
okempadoo,Oonya Kempadoo,England,11,1966,0,1966-,https://en.wikipedia.org/wiki/Oonya_Kempadoo,https://createcaribbean.org/vcl/okempadoo_dloc/,-1.458627594,52.59273448
opalmeradisa,Opal Palmer Adisa,Jamaica,4,0,0,Unknown,,,-77.31110641,18.15769529
olplazo,Orlando Luis Pardo Lazo,Cuba,14,1971,0,1971-,https://es.wikipedia.org/wiki/Julio_Ortega_(escritor),https://www.dloc.com/UF00090030/00091/images/125,-79.5,22
opatterson,Orlando Patterson,Jamaica,4,1940,0,1940-,https://en.wikipedia.org/wiki/Orlando_Patterson,,-77.31110641,18.15769529
oggoyco,Osvaldo García Goyco,Puerto Rico,37,0,0,Unknown,,https://createcaribbean.org/vcl/oggoyco_dloc/,-66.46895343,18.2226065
pmordecai,Pamela Mordecai,Jamaica,4,1942,0,1942-,https://en.wikipedia.org/wiki/Pamela_Mordecai,https://createcaribbean.org/vcl/pmordecai_dloc/,-77.31110641,18.15769529
ppowell,Patricia Powell,Jamaica,4,1966,0,1966-,https://en.wikipedia.org/wiki/Patricia_Powell,https://createcaribbean.org/vcl/ppowell_dloc/,-77.31110641,18.15769529
pchamoiseau,Patrick Chamoiseau,Martinique,8,1953,0,1953-,https://en.wikipedia.org/wiki/Patrick_Chamoiseau,https://createcaribbean.org/vcl/pchamoiseau_dloc/,-61.01838056,14.65313333
psylvain,Patrick Sylvain,Haiti,5,0,0,Unknown,https://ht.wikipedia.org/wiki/Patrick_Sylvain,https://createcaribbean.org/vcl/psylvain_dloc/,-72.3385625,18.40248133
pkeensdouglas,Paul Keens-Douglas,Trinidad & Tobago,3,1942,0,1942-,,https://createcaribbean.org/vcl/pkeensdouglas_dloc/,-61.26048814,10.47267428
pmarlee,Paul Marlee,Suriname,43,1938,0,1938,https://nl.wikipedia.org/wiki/Paul_Marlee,,-56.01360781,3.931777409
pmarshall,Paule Marshall,Barbados,12,1929,2019,1929 - 2019,https://en.wikipedia.org/wiki/Paule_Marshall,https://createcaribbean.org/vcl/pmarshall_dloc/,-59.55642448,13.17222198
pramsay,Paulette Ramsay,Jamaica,4,0,0,Unknown,https://en.wikipedia.org/wiki/Paulette_Ramsay,https://www.dloc.com/AA00000079/00008/images/145,-77.31110641,18.15769529
pmelville,Pauline Melville,Guyana,62,1948,0,1948-,https://en.wikipedia.org/wiki/Pauline_Melville,https://createcaribbean.org/vcl/pmelville_dloc/,-58.97538658,4.79642268
ppress,Peekash Press,United States,1,1946,0,1946-,,,-99.41461919,39.39870316
pabrahams,Peter Abrahams,Jamaica,4,1919,2017,1919 - 2017,https://en.wikipedia.org/wiki/Peter_Abrahams,https://createcaribbean.org/vcl/pabrahams_dloc/,-77.31110641,18.15769529
pjosie,Peter Josie,St. Lucia,16,1941,0,1941-,https://en.wikipedia.org/wiki/Peter_Josie,,-60.96730046,13.89863973
pkempadoo,Peter Kempadoo,Guyana,62,1926,2019,1926 - 2019,https://en.wikipedia.org/wiki/Peter_Kempadoo,https://www.dloc.com/UF00088915/00192/images/37,-58.97538658,4.79642268
parcher,Petreine Archer,England,11,1956,2012,1956 - 2012,https://en.wikipedia.org/wiki/Petrine_Archer-Straw,,-1.458627594,52.59273448
plindsay,Philip Lindsay,United States,1,1906,1958,1906 - 1958,https://de.wikipedia.org/wiki/Philip_Lindsay,,-99.41461919,39.39870316
ptmarcelin,Philippe Thoby-Marcelin,Haiti,5,1904,1975,1904 - 1975,https://en.wikipedia.org/wiki/Philippe_Thoby-Marcelin,https://createcaribbean.org/vcl/ptmarcelin_dloc/,-72.3385625,18.40248133
psallfrey,Phyllis Shand Allfrey,Dominica,10,1908,1986,1908 - 1986,https://en.wikipedia.org/wiki/Phyllis_Shand_Allfrey,https://createcaribbean.org/vcl/psallfrey_dloc/,-61.35007388,15.43465728
pajeanty,Pierre Alex Jeanty,Haiti,5,0,0,Unknown,,,-72.3385625,18.40248133
pmarcelin,Pierre Marcelin,France,17,0,0,Unknown,,,2.550539953,46.55941704
pvvastey,Pompée Valentin Vastey,Haiti,5,1781,1820,1781 - 1820,https://en.wikipedia.org/wiki/Pompée_Valentin_Vastey,https://www.dloc.com/AA00021541/00001/images/4,-72.3385625,18.40248133
qmacoomeh,Queen Macoomeh,Trinidad & Tobago,3,0,0,Unknown,,,-61.26048814,10.47267428
rapinder,R. A. Pinder,The Bahamas,19,0,0,Unknown,,https://www.dloc.com/AA00010703/00001/pdf,-77.37122,25.04082
rlcaarons,R. L. C. Aarons,Jamaica,4,0,0,Unknown,,https://www.dloc.com/AA00004572/00001/images/48,-77.31110641,18.15769529
rbcunninghamegraham,R.B Cunnighame-Graham,England,11,1852,1936,1852 - 1936,https://en.wikipedia.org/wiki/Cunninghame_Graham,https://www.dloc.com/AA00089365/00001/images/2,-1.458627594,52.59273448
rmaharaj,Rabindranath Maharaj,Trinidad & Tobago,3,1955,0,1955-,https://en.wikipedia.org/wiki/Rabindranath_Maharaj,https://createcaribbean.org/vcl/rmaharaj_dloc/,-61.26048814,10.47267428
rkirby,Rachel Kirby,England,11,0,0,Unknown,,,-1.458627594,52.59273448
rmanley,Rachel Manley,England,11,1947,0,1947-,https://en.wikipedia.org/wiki/Rachel_Manley,,-1.458627594,52.59273448
ravmartinez,Ramon Antonio Victoriano-Martinez,Dominican Republic,9,1969,0,1969-,,,-70.49003617,18.89668483
rdepalma,Ramón De Palma,Cuba,14,1812,1860,1812 - 1860,https://es.wikipedia.org/wiki/Ramón_de_Palma,,-79.5,22
rbaltidor,Raoul B. Altidor,Haiti,5,1965,0,1965-,https://ht.wikipedia.org/wiki/Raoul_Altidor,,-72.3385625,18.40248133
rpantin,Raoul Pantin,Trinidad & Tobago,3,1943,2015,1943 - 2015,https://en.wikipedia.org/wiki/Raoul_Pantin,https://createcaribbean.org/vcl/rpantin_dloc/,-61.26048814,10.47267428
rconfiant,Raphaël Confiant,Martinique,8,1951,0,1951-,https://fr.wikipedia.org/wiki/Raphaël_Confiant,,-61.01838056,14.65313333
rarenas,Reinaldo Arenas,Cuba,14,1943,1990,1943 - 1990,https://en.wikipedia.org/wiki/Reinaldo_Arenas,https://www.dloc.com/UF00098948/00030/pdf,-79.5,22
rbonneville,René Bonneville,Martinique,8,1871,1902,1871 - 1902,https://fr.wikipedia.org/wiki/René_Bonneville,,-61.01838056,14.65313333
rdepestre,Rene Depestre,Haiti,5,1926,0,1926,https://en.wikipedia.org/wiki/René_Depestre,https://createcaribbean.org/vcl/rdepestre_dloc/,-72.3385625,18.40248133
rmaran,René Maran,Martinique,8,1887,1960,1887 - 1960,https://en.wikipedia.org/wiki/René_Maran,,-61.01838056,14.65313333
rphiloctète,René Philoctète,Haiti,5,0,0,Unknown,,,-72.3385625,18.40248133
rfpatterson,Richard F. Patterson,United States,1,1940,0,1940-,,,-99.41461919,39.39870316
rkdouglas,Richardo Keens-Douglas,Grenada,27,1953,0,1953-,,,-61.65964496,12.15196505
rantoni,Robert Antoni,United States,1,1958,0,1958-,https://en.wikipedia.org/wiki/Robert_Antoni,,-99.41461919,39.39870316
rlross,Robert L Ross,United States,1,0,0,Unknown,,,-99.41461919,39.39870316
rmcdonald,Robert McDonald,United States,1,0,0,Unknown,,,-99.41461919,39.39870316
rnazaire,Robert Nazaire,Canada,24,0,0,Unknown,,,-113.64258,60.10867
rfretamar,Roberto Fernández Retamar,Cuba,14,1930,2019,1930 - 2019,https://es.wikipedia.org/wiki/Roberto_Fernández_Retamar,https://createcaribbean.org/vcl/rfretamar_dloc/,-79.5,22
rvalero,Roberto Valero,Cuba,14,1955,1994,1955 - 1994,https://en.wikipedia.org/wiki/Roberto_Valero,https://www.dloc.com/UF00103497/00049/images/17,-79.5,22
rwalcott,Roderick Walcott,St. Lucia,16,1930,2000,1930 - 2000,https://en.wikipedia.org/wiki/Roderick_Walcott,https://createcaribbean.org/vcl/rwalcott_dloc/,-60.96730046,13.89863973
rdorsinville,Roger Dorsinville,Haiti,5,1911,1992,1911 - 1992,,https://createcaribbean.org/vcl/rdorsinville_dloc/,-72.3385625,18.40248133
rmais,Roger Mais,Jamaica,4,1905,1955,1905 - 1955,https://en.wikipedia.org/wiki/Roger_Mais,https://createcaribbean.org/vcl/rmais_dloc/,-77.31110641,18.15769529
rparsemain,Roger Parsemain,Martinique,8,1944,0,1944-,,,-61.01838056,14.65313333
rrobinson,Roger Robinson,United States,1,1933,2018,1933 - 2018,https://en.wikipedia.org/wiki/Roger_Robinson_(poet),,-99.41461919,39.39870316
rmonar,Rooplall Monar,Guyana,62,1945,0,1945-,,https://createcaribbean.org/vcl/rmonar_dloc/,-58.97538658,4.79642268
rsingh,Roopnandan Singh,Guyana,62,0,0,Unknown,,,-58.97538658,4.79642268
rdalton,Roque Dalton,El Salvador,30,1935,1975,1935 - 1975,https://en.wikipedia.org/wiki/Roque_Dalton,,-88.86567455,13.73346847
rgay,Roxane Gay,Haiti,5,1974,0,1974-,https://en.wikipedia.org/wiki/Roxane_Gay,,-72.3385625,18.40248133
ragalt,Roy A Galt,Trinidad & Tobago,3,0,0,Unknown,,,-61.26048814,10.47267428
rnamba,Roy Namba,Jamaica,4,1910,1961,1910 - 1961,https://en.wikipedia.org/wiki/Namba_Roy,https://www.dloc.com/AA00030574/00001/images,-77.31110641,18.15769529
rmartínez,Rueben Martínez,United States,1,0,0,Unknown,,,-99.41461919,39.39870316
scostanzo,Sabrina Costanzo,England,11,0,0,Unknown,,,-1.458627594,52.59273448
sjperse,Saint-John Perse,Guadeloupe,29,1887,1975,1887 - 1975,https://en.wikipedia.org/wiki/Saint-John_Perse,https://www.dloc.com/AA00022089/05930/images/1,-61.65012,16.14475253
sselvon,Samuel Selvon,Trinidad & Tobago,3,1923,1994,1923 - 1994,https://en.wikipedia.org/wiki/Sam_Selvon,https://createcaribbean.org/vcl/sselvon_dloc/,-61.26048814,10.47267428
scollins,Sara Collins,Jamaica,4,1972,0,1972-,https://en.wikipedia.org/wiki/Sara_Collins,https://www.dloc.com/AA00032523/00013/images/152,-77.31110641,18.15769529
sdass,Sarah Dass,Trinidad & Tobago,3,0,0,Unknown,,,-61.26048814,10.47267428
spooley,Sarah Pooley,Canada,24,0,0,Unknown,,,-113.64258,60.10867
spersaud,Sasenarine Persaud,Guyana,62,1958,0,1958-,,https://createcaribbean.org/vcl/spersaud_dloc/,-58.97538658,4.79642268
snaipaul,Seepersad Naipaul,Trinidad & Tobago,3,1906,1953,1906 - 1953,https://en.wikipedia.org/wiki/Seepersad_Naipaul,https://www.dloc.com/AA00030618/00001/images,-61.26048814,10.47267428
ssarduy,Severo Sarduy,Cuba,14,1937,1993,1937 - 1993,https://en.wikipedia.org/wiki/Severo_Sarduy,,-79.5,22
sbourne,Shakirah Bourne,Barbados,12,1942,2019,1942 - 2019,,https://createcaribbean.org/vcl/sbourne_dloc/,-59.55642448,13.17222198
smootoo,Shani Mootoo,Ireland,39,1957,0,1957,https://en.wikipedia.org/wiki/Shani_Mootoo,https://www.dloc.com/AA00000079/00009/images/99,-8.146006147,53.17587985
sbesson,Sherwyn Besson,Trinidad & Tobago,3,0,0,Unknown,,,-61.26048814,10.47267428
shnaipaul,Shiva Naipaul,Trinidad & Tobago,3,1945,1985,1945 - 1985,https://en.wikipedia.org/wiki/Shiva_Naipaul,,-61.26048814,10.47267428
ssmaharajh,Shiva Shridath Maharajh,Trinidad & Tobago,3,0,0,Unknown,,,-61.26048814,10.47267428
sramlochan,Shivanee Ramlochan,Trinidad & Tobago,3,1986,0,1986-,https://ca.wikipedia.org/wiki/Shivanee_Ramlochan,https://createcaribbean.org/vcl/sramlochan_dloc/,-61.26048814,10.47267428
sschama,Simon Schama,England,11,1945,0,1945-,https://en.wikipedia.org/wiki/Simon_Schama,,-1.458627594,52.59273448
ssbart,Simone Schwarz-Bart,France,17,1938,0,1938-,https://en.wikipedia.org/wiki/Simone_Schwarz-Bart,https://createcaribbean.org/vcl/ssbart_dloc/,2.550539953,46.55941704
srios,Soleida Rios,Cuba,14,1950,0,1950-,,,-79.5,22
sadantes,Stephen A Dantes,St. Lucia,16,1982,0,1982-,https://en.wikipedia.org/wiki/Stephen_Dantes,https://www.dloc.com/UF00095627/00076/pdf,-60.96730046,13.89863973
sbrown,Stewart Brown,England,11,1950,0,1950-,https://en.wikipedia.org/wiki/Stewart_Brown,https://createcaribbean.org/vcl/sbrown_dloc/,-1.458627594,52.59273448
sdracius,Suzanne Dracius,Martinique,8,1951,0,1951-,https://en.wikipedia.org/wiki/Suzanne_Dracius,https://createcaribbean.org/vcl/sdracius_dloc/,-61.01838056,14.65313333
sdurant,Suzanne Durant,Barbados,12,0,0,Unknown,,,-59.55642448,13.17222198
swynter,Sylvia Wynter,Jamaica,4,1928,0,1928-,https://en.wikipedia.org/wiki/Sylvia_Wynter,https://createcaribbean.org/vcl/swynter_dloc/,-77.31110641,18.15769529
tcharles,Tami Charles,United States,1,0,0,Unknown,,,-99.41461919,39.39870316
tmcwatt,Tessa McWatt,Guyana,62,0,0,Unknown,,,-58.97538658,4.79642268
tparet,Timothée Paret,United States,1,1887,1942,1887 - 1942,,,-99.41461919,39.39870316
tcallender,Timothy Callender,Barbados,12,1946,0,1946-,,,-59.55642448,13.17222198
tmarugg,Tip Marugg,Curaçao,44,1923,2006,1923 - 2006,https://en.wikipedia.org/wiki/Tip_Marugg,https://www.dloc.com/UF00099461/00041/images/268,-68.97143528,12.19350742
tyanique,Tiphanie Yanique,United States,1,1978,0,1978-,https://en.wikipedia.org/wiki/Tiphanie_Yanique,https://createcaribbean.org/vcl/tyanique_dloc/,-99.41461919,39.39870316
tdelsham,Tony Delsham,Martinique,8,1946,0,1946-,https://fr.wikipedia.org/wiki/Tony_Delsham,https://www.dloc.com/UF00088914/00171/images/8,-61.01838056,14.65313333
tchadee,Trevor Chadee,Trinidad & Tobago,3,0,0,Unknown,,,-61.26048814,10.47267428
tdrhone,Trevor D Rhone,Jamaica,4,1940,2009,1940 - 2009,https://en.wikipedia.org/wiki/Trevor_Rhone,,-77.31110641,18.15769529
twilliams,Tyrone Williams,United States,1,0,0,Unknown,,,-99.41461919,39.39870316
uvalverde,Umberto Valverde,Colombia,66,1947,0,1947-,https://es.wikipedia.org/wiki/Umberto_Valverde,,-73.07575492,3.901115804
umarson,Una Marson,Jamaica,4,1905,1965,1905 - 1965,https://en.wikipedia.org/wiki/Una_Marson,https://createcaribbean.org/vcl/umarson_dloc/,-77.31110641,18.15769529
ugiuseppi,Undine Giuseppi,Barbados,12,0,0,Unknown,,,-59.55642448,13.17222198
vsnaipaul,V.S. Naipaul,Trinidad & Tobago,3,1932,2018,1932 - 2018,https://en.wikipedia.org/wiki/V._S._Naipaul,https://createcaribbean.org/vcl/vsnaipaul_dloc/,-61.26048814,10.47267428
vcapildeo,Vahni Capildeo,Trinidad & Tobago,3,1973,0,1973-,https://en.wikipedia.org/wiki/Vahni_Capildeo,https://createcaribbean.org/vcl/vcapildeo_dloc/,-61.26048814,10.47267428
vriley,Vanessa Riley,Trinidad & Tobago,3,0,0,Unknown,,,-61.26048814,10.47267428
vspence,Vanessa Spence,Jamaica,4,1961,0,1961-,https://en.wikipedia.org/wiki/Vanessa_Spence,https://www.dloc.com/AA00032523/00009/images/226,-77.31110641,18.15769529
vpollard,Velma Pollard,Jamaica,4,1937,0,1937-,https://en.wikipedia.org/wiki/Velma_Pollard,https://createcaribbean.org/vcl/vpollard_dloc/,-77.31110641,18.15769529
vjclarke,Velta J Clarke,Jamaica,4,0,0,Unknown,,,-77.31110641,18.15769529
vmaisier,Véronique Maisier,Canada,24,0,0,Unknown,,,-113.64258,60.10867
vsreid,Victor Stafford Reid,Jamaica,4,1913,1987,1913 - 1987,https://en.wikipedia.org/wiki/Victor_Stafford_Reid,,-77.31110641,18.15769529
vdiaz,Vigil Diaz,Dominican Republic,9,1880,1961,1880 - 1961,https://en.wikipedia.org/wiki/Otilio_Vigil_Díaz,,-70.49003617,18.89668483
vpinera,Virgilio Piñera,Cuba,14,1912,1979,1912 - 1979,https://en.wikipedia.org/wiki/Virgilio_Piñera,https://createcaribbean.org/vcl/vpinera_dloc/,-79.5,22
vlucien,Vladimir Lucien,St. Lucia,16,0,0,Unknown,,,-60.96730046,13.89863973
walewis,W. Arthur Lewis,St. Lucia,16,1915,1991,1915 - 1991,https://en.wikipedia.org/wiki/W._Arthur_Lewis,,-60.96730046,13.89863973
wwilliams,Wallace Williams,US Virgin Islands,64,1946,0,1946-,https://en.wikipedia.org/wiki/Wallace_Williams,,-64.8190875,17.72811445
waroberts,Walter Adolphe Roberts,Jamaica,4,1886,1962,1886 - 1962,https://en.wikipedia.org/wiki/Walter_Adolphe_Roberts,https://createcaribbean.org/vcl/waroberts_dloc/,-77.31110641,18.15769529
wgoodman,Walter Goodman,United States,1,0,0,Unknown,,,-99.41461919,39.39870316
wgtrotman,Wayne Gerard Trotman,Trinidad & Tobago,3,1964,0,1964,,,-61.26048814,10.47267428
wloehfelm,William Loehfelm,United States,1,0,0,Unknown,,,-99.41461919,39.39870316
wpbarron,William P Barron,England,11,0,0,Unknown,,https://www.dloc.com/AA00004645/00026/images/18,-1.458627594,52.59273448
wtvollmann,William T Vollmann,United States,1,0,0,Unknown,,,-99.41461919,39.39870316
wbennett,Wycliffe Bennett,Jamaica,4,1922,2009,1922 - 2009,,https://createcaribbean.org/vcl/wbennett_dloc/,-77.31110641,18.15769529
ylahens,Yanick Lahens,Haiti,5,1953,0,1953-,https://en.wikipedia.org/wiki/Yanick_Lahens,https://createcaribbean.org/vcl/ylahens_dloc/,-72.3385625,18.40248133
ycanetti,Yanitzia Canetti,Cuba,14,1967,0,1967-,https://en.wikipedia.org/wiki/Yanitzia_Canetti,,-79.5,22
yIrizarry,Ylce Irizarry,Cuba,14,0,0,Unknown,,https://www.dloc.com/UF00096005/00046/images/164,-79.5,22
ycharara,Youmna Charara,Italy,20,0,0,Unknown,,,12.83333,42.83333
zsmith,Zadie Smith,England,11,1975,0,1975-,https://en.wikipedia.org/wiki/Zadie_Smith,https://www.dloc.com/UF00096005/00010/images/144,-1.458627594,52.59273448
zedgell,Zee Edgell,Belize,33,1940,2020,1940 - 2020,https://en.wikipedia.org/wiki/Zee_Edgell,https://createcaribbean.org/vcl/zedgell_dloc/,-88.69496155,17.20905026
zelliott,Zetta Elliott,Canada,24,1972,0,1972-,https://en.wikipedia.org/wiki/Zetta_Elliott,,-113.64258,60.10867
zcompagnie,Zoukouyanyan Compagnie,French Guiana,28,0,0,Unknown,,,-53.23312207,3.921724136